year,division,awd_cases,population,incidence_per_100k,source,citation
2014,Dhaka,545900,36054418,1514.1,DGHS_base_literature_estimate,Kabir MI et al. (2025). Understanding climate-sensitive diseases in Bangladesh using systematic review and government data repository. PLoS ONE 20(3):e0313031. PMC11922245. | Ali M et al. (2023). National Hospital-Based Sentinel Surveillance for Cholera in Bangladesh: Epidemiological Results from 2014 to 2021. Am J Trop Med Hyg 109(4):867–876. PMC10484282.
2014,Chattogram,652661,28423019,2296.2,DGHS_base_literature_estimate,Kabir MI et al. (2025). Understanding climate-sensitive diseases in Bangladesh using systematic review and government data repository. PLoS ONE 20(3):e0313031. PMC11922245. | Ali M et al. (2023). National Hospital-Based Sentinel Surveillance for Cholera in Bangladesh: Epidemiological Results from 2014 to 2021. Am J Trop Med Hyg 109(4):867–876. PMC10484282.
2014,Rajshahi,316684,18484858,1713.2,DGHS_base_literature_estimate,Kabir MI et al. (2025). Understanding climate-sensitive diseases in Bangladesh using systematic review and government data repository. PLoS ONE 20(3):e0313031. PMC11922245. | Ali M et al. (2023). National Hospital-Based Sentinel Surveillance for Cholera in Bangladesh: Epidemiological Results from 2014 to 2021. Am J Trop Med Hyg 109(4):867–876. PMC10484282.
2014,Khulna,320576,15563000,2059.9,DGHS_base_literature_estimate,Kabir MI et al. (2025). Understanding climate-sensitive diseases in Bangladesh using systematic review and government data repository. PLoS ONE 20(3):e0313031. PMC11922245. | Ali M et al. (2023). National Hospital-Based Sentinel Surveillance for Cholera in Bangladesh: Epidemiological Results from 2014 to 2021. Am J Trop Med Hyg 109(4):867–876. PMC10484282.
2014,Barishal,322206,8325666,3870.0,DGHS_base_literature_estimate,Kabir MI et al. (2025). Understanding climate-sensitive diseases in Bangladesh using systematic review and government data repository. PLoS ONE 20(3):e0313031. PMC11922245. | Ali M et al. (2023). National Hospital-Based Sentinel Surveillance for Cholera in Bangladesh: Epidemiological Results from 2014 to 2021. Am J Trop Med Hyg 109(4):867–876. PMC10484282.
2014,Sylhet,362151,10009239,3618.2,DGHS_base_literature_estimate,Kabir MI et al. (2025). Understanding climate-sensitive diseases in Bangladesh using systematic review and government data repository. PLoS ONE 20(3):e0313031. PMC11922245. | Ali M et al. (2023). National Hospital-Based Sentinel Surveillance for Cholera in Bangladesh: Epidemiological Results from 2014 to 2021. Am J Trop Med Hyg 109(4):867–876. PMC10484282.
2014,Rangpur,156595,15665000,999.6,DGHS_base_literature_estimate,Kabir MI et al. (2025). Understanding climate-sensitive diseases in Bangladesh using systematic review and government data repository. PLoS ONE 20(3):e0313031. PMC11922245. | Ali M et al. (2023). National Hospital-Based Sentinel Surveillance for Cholera in Bangladesh: Epidemiological Results from 2014 to 2021. Am J Trop Med Hyg 109(4):867–876. PMC10484282.
2014,Mymensingh,267227,11370000,2350.3,DGHS_base_literature_estimate,Kabir MI et al. (2025). Understanding climate-sensitive diseases in Bangladesh using systematic review and government data repository. PLoS ONE 20(3):e0313031. PMC11922245. | Ali M et al. (2023). National Hospital-Based Sentinel Surveillance for Cholera in Bangladesh: Epidemiological Results from 2014 to 2021. Am J Trop Med Hyg 109(4):867–876. PMC10484282.
2015,Dhaka,563701,36054418,1563.5,DGHS_base_literature_estimate,Kabir MI et al. (2025). Understanding climate-sensitive diseases in Bangladesh using systematic review and government data repository. PLoS ONE 20(3):e0313031. PMC11922245. | Ali M et al. (2023). National Hospital-Based Sentinel Surveillance for Cholera in Bangladesh: Epidemiological Results from 2014 to 2021. Am J Trop Med Hyg 109(4):867–876. PMC10484282.
2015,Chattogram,673943,28423019,2371.1,DGHS_base_literature_estimate,Kabir MI et al. (2025). Understanding climate-sensitive diseases in Bangladesh using systematic review and government data repository. PLoS ONE 20(3):e0313031. PMC11922245. | Ali M et al. (2023). National Hospital-Based Sentinel Surveillance for Cholera in Bangladesh: Epidemiological Results from 2014 to 2021. Am J Trop Med Hyg 109(4):867–876. PMC10484282.
2015,Rajshahi,327011,18484858,1769.1,DGHS_base_literature_estimate,Kabir MI et al. (2025). Understanding climate-sensitive diseases in Bangladesh using systematic review and government data repository. PLoS ONE 20(3):e0313031. PMC11922245. | Ali M et al. (2023). National Hospital-Based Sentinel Surveillance for Cholera in Bangladesh: Epidemiological Results from 2014 to 2021. Am J Trop Med Hyg 109(4):867–876. PMC10484282.
2015,Khulna,331029,15563000,2127.0,DGHS_base_literature_estimate,Kabir MI et al. (2025). Understanding climate-sensitive diseases in Bangladesh using systematic review and government data repository. PLoS ONE 20(3):e0313031. PMC11922245. | Ali M et al. (2023). National Hospital-Based Sentinel Surveillance for Cholera in Bangladesh: Epidemiological Results from 2014 to 2021. Am J Trop Med Hyg 109(4):867–876. PMC10484282.
2015,Barishal,332713,8325666,3996.2,DGHS_base_literature_estimate,Kabir MI et al. (2025). Understanding climate-sensitive diseases in Bangladesh using systematic review and government data repository. PLoS ONE 20(3):e0313031. PMC11922245. | Ali M et al. (2023). National Hospital-Based Sentinel Surveillance for Cholera in Bangladesh: Epidemiological Results from 2014 to 2021. Am J Trop Med Hyg 109(4):867–876. PMC10484282.
2015,Sylhet,373960,10009239,3736.1,DGHS_base_literature_estimate,Kabir MI et al. (2025). Understanding climate-sensitive diseases in Bangladesh using systematic review and government data repository. PLoS ONE 20(3):e0313031. PMC11922245. | Ali M et al. (2023). National Hospital-Based Sentinel Surveillance for Cholera in Bangladesh: Epidemiological Results from 2014 to 2021. Am J Trop Med Hyg 109(4):867–876. PMC10484282.
2015,Rangpur,161701,15665000,1032.2,DGHS_base_literature_estimate,Kabir MI et al. (2025). Understanding climate-sensitive diseases in Bangladesh using systematic review and government data repository. PLoS ONE 20(3):e0313031. PMC11922245. | Ali M et al. (2023). National Hospital-Based Sentinel Surveillance for Cholera in Bangladesh: Epidemiological Results from 2014 to 2021. Am J Trop Med Hyg 109(4):867–876. PMC10484282.
2015,Mymensingh,275941,11370000,2426.9,DGHS_base_literature_estimate,Kabir MI et al. (2025). Understanding climate-sensitive diseases in Bangladesh using systematic review and government data repository. PLoS ONE 20(3):e0313031. PMC11922245. | Ali M et al. (2023). National Hospital-Based Sentinel Surveillance for Cholera in Bangladesh: Epidemiological Results from 2014 to 2021. Am J Trop Med Hyg 109(4):867–876. PMC10484282.
2016,Dhaka,593370,36054418,1645.8,DGHS_base_literature_estimate,Kabir MI et al. (2025). Understanding climate-sensitive diseases in Bangladesh using systematic review and government data repository. PLoS ONE 20(3):e0313031. PMC11922245. | Ali M et al. (2023). National Hospital-Based Sentinel Surveillance for Cholera in Bangladesh: Epidemiological Results from 2014 to 2021. Am J Trop Med Hyg 109(4):867–876. PMC10484282.
2016,Chattogram,709414,28423019,2495.9,DGHS_base_literature_estimate,Kabir MI et al. (2025). Understanding climate-sensitive diseases in Bangladesh using systematic review and government data repository. PLoS ONE 20(3):e0313031. PMC11922245. | Ali M et al. (2023). National Hospital-Based Sentinel Surveillance for Cholera in Bangladesh: Epidemiological Results from 2014 to 2021. Am J Trop Med Hyg 109(4):867–876. PMC10484282.
2016,Rajshahi,344222,18484858,1862.2,DGHS_base_literature_estimate,Kabir MI et al. (2025). Understanding climate-sensitive diseases in Bangladesh using systematic review and government data repository. PLoS ONE 20(3):e0313031. PMC11922245. | Ali M et al. (2023). National Hospital-Based Sentinel Surveillance for Cholera in Bangladesh: Epidemiological Results from 2014 to 2021. Am J Trop Med Hyg 109(4):867–876. PMC10484282.
2016,Khulna,348452,15563000,2239.0,DGHS_base_literature_estimate,Kabir MI et al. (2025). Understanding climate-sensitive diseases in Bangladesh using systematic review and government data repository. PLoS ONE 20(3):e0313031. PMC11922245. | Ali M et al. (2023). National Hospital-Based Sentinel Surveillance for Cholera in Bangladesh: Epidemiological Results from 2014 to 2021. Am J Trop Med Hyg 109(4):867–876. PMC10484282.
2016,Barishal,350224,8325666,4206.6,DGHS_base_literature_estimate,Kabir MI et al. (2025). Understanding climate-sensitive diseases in Bangladesh using systematic review and government data repository. PLoS ONE 20(3):e0313031. PMC11922245. | Ali M et al. (2023). National Hospital-Based Sentinel Surveillance for Cholera in Bangladesh: Epidemiological Results from 2014 to 2021. Am J Trop Med Hyg 109(4):867–876. PMC10484282.
2016,Sylhet,393642,10009239,3932.8,DGHS_base_literature_estimate,Kabir MI et al. (2025). Understanding climate-sensitive diseases in Bangladesh using systematic review and government data repository. PLoS ONE 20(3):e0313031. PMC11922245. | Ali M et al. (2023). National Hospital-Based Sentinel Surveillance for Cholera in Bangladesh: Epidemiological Results from 2014 to 2021. Am J Trop Med Hyg 109(4):867–876. PMC10484282.
2016,Rangpur,170212,15665000,1086.6,DGHS_base_literature_estimate,Kabir MI et al. (2025). Understanding climate-sensitive diseases in Bangladesh using systematic review and government data repository. PLoS ONE 20(3):e0313031. PMC11922245. | Ali M et al. (2023). National Hospital-Based Sentinel Surveillance for Cholera in Bangladesh: Epidemiological Results from 2014 to 2021. Am J Trop Med Hyg 109(4):867–876. PMC10484282.
2016,Mymensingh,290464,11370000,2554.7,DGHS_base_literature_estimate,Kabir MI et al. (2025). Understanding climate-sensitive diseases in Bangladesh using systematic review and government data repository. PLoS ONE 20(3):e0313031. PMC11922245. | Ali M et al. (2023). National Hospital-Based Sentinel Surveillance for Cholera in Bangladesh: Epidemiological Results from 2014 to 2021. Am J Trop Med Hyg 109(4):867–876. PMC10484282.
2017,Dhaka,783248,36054418,2172.4,DGHS_base_Kabir2025_pattern,Kabir MI et al. (2025). Understanding climate-sensitive diseases in Bangladesh using systematic review and government data repository. PLoS ONE 20(3):e0313031. PMC11922245. | Ali M et al. (2023). National Hospital-Based Sentinel Surveillance for Cholera in Bangladesh: Epidemiological Results from 2014 to 2021. Am J Trop Med Hyg 109(4):867–876. PMC10484282.
2017,Chattogram,936427,28423019,3294.6,DGHS_base_Kabir2025_pattern,Kabir MI et al. (2025). Understanding climate-sensitive diseases in Bangladesh using systematic review and government data repository. PLoS ONE 20(3):e0313031. PMC11922245. | Ali M et al. (2023). National Hospital-Based Sentinel Surveillance for Cholera in Bangladesh: Epidemiological Results from 2014 to 2021. Am J Trop Med Hyg 109(4):867–876. PMC10484282.
2017,Rajshahi,454373,18484858,2458.1,DGHS_base_Kabir2025_pattern,Kabir MI et al. (2025). Understanding climate-sensitive diseases in Bangladesh using systematic review and government data repository. PLoS ONE 20(3):e0313031. PMC11922245. | Ali M et al. (2023). National Hospital-Based Sentinel Surveillance for Cholera in Bangladesh: Epidemiological Results from 2014 to 2021. Am J Trop Med Hyg 109(4):867–876. PMC10484282.
2017,Khulna,459957,15563000,2955.5,DGHS_base_Kabir2025_pattern,Kabir MI et al. (2025). Understanding climate-sensitive diseases in Bangladesh using systematic review and government data repository. PLoS ONE 20(3):e0313031. PMC11922245. | Ali M et al. (2023). National Hospital-Based Sentinel Surveillance for Cholera in Bangladesh: Epidemiological Results from 2014 to 2021. Am J Trop Med Hyg 109(4):867–876. PMC10484282.
2017,Barishal,462296,8325666,5552.7,DGHS_base_Kabir2025_pattern,Kabir MI et al. (2025). Understanding climate-sensitive diseases in Bangladesh using systematic review and government data repository. PLoS ONE 20(3):e0313031. PMC11922245. | Ali M et al. (2023). National Hospital-Based Sentinel Surveillance for Cholera in Bangladesh: Epidemiological Results from 2014 to 2021. Am J Trop Med Hyg 109(4):867–876. PMC10484282.
2017,Sylhet,519608,10009239,5191.3,DGHS_base_Kabir2025_pattern,Kabir MI et al. (2025). Understanding climate-sensitive diseases in Bangladesh using systematic review and government data repository. PLoS ONE 20(3):e0313031. PMC11922245. | Ali M et al. (2023). National Hospital-Based Sentinel Surveillance for Cholera in Bangladesh: Epidemiological Results from 2014 to 2021. Am J Trop Med Hyg 109(4):867–876. PMC10484282.
2017,Rangpur,224680,15665000,1434.3,DGHS_base_Kabir2025_pattern,Kabir MI et al. (2025). Understanding climate-sensitive diseases in Bangladesh using systematic review and government data repository. PLoS ONE 20(3):e0313031. PMC11922245. | Ali M et al. (2023). National Hospital-Based Sentinel Surveillance for Cholera in Bangladesh: Epidemiological Results from 2014 to 2021. Am J Trop Med Hyg 109(4):867–876. PMC10484282.
2017,Mymensingh,383413,11370000,3372.1,DGHS_base_Kabir2025_pattern,Kabir MI et al. (2025). Understanding climate-sensitive diseases in Bangladesh using systematic review and government data repository. PLoS ONE 20(3):e0313031. PMC11922245. | Ali M et al. (2023). National Hospital-Based Sentinel Surveillance for Cholera in Bangladesh: Epidemiological Results from 2014 to 2021. Am J Trop Med Hyg 109(4):867–876. PMC10484282.
2018,Dhaka,623038,36054418,1728.0,DGHS_base_Kabir2025_pattern,Kabir MI et al. (2025). Understanding climate-sensitive diseases in Bangladesh using systematic review and government data repository. PLoS ONE 20(3):e0313031. PMC11922245. | Ali M et al. (2023). National Hospital-Based Sentinel Surveillance for Cholera in Bangladesh: Epidemiological Results from 2014 to 2021. Am J Trop Med Hyg 109(4):867–876. PMC10484282.
2018,Chattogram,744885,28423019,2620.7,DGHS_base_Kabir2025_pattern,Kabir MI et al. (2025). Understanding climate-sensitive diseases in Bangladesh using systematic review and government data repository. PLoS ONE 20(3):e0313031. PMC11922245. | Ali M et al. (2023). National Hospital-Based Sentinel Surveillance for Cholera in Bangladesh: Epidemiological Results from 2014 to 2021. Am J Trop Med Hyg 109(4):867–876. PMC10484282.
2018,Rajshahi,361433,18484858,1955.3,DGHS_base_Kabir2025_pattern,Kabir MI et al. (2025). Understanding climate-sensitive diseases in Bangladesh using systematic review and government data repository. PLoS ONE 20(3):e0313031. PMC11922245. | Ali M et al. (2023). National Hospital-Based Sentinel Surveillance for Cholera in Bangladesh: Epidemiological Results from 2014 to 2021. Am J Trop Med Hyg 109(4):867–876. PMC10484282.
2018,Khulna,365875,15563000,2350.9,DGHS_base_Kabir2025_pattern,Kabir MI et al. (2025). Understanding climate-sensitive diseases in Bangladesh using systematic review and government data repository. PLoS ONE 20(3):e0313031. PMC11922245. | Ali M et al. (2023). National Hospital-Based Sentinel Surveillance for Cholera in Bangladesh: Epidemiological Results from 2014 to 2021. Am J Trop Med Hyg 109(4):867–876. PMC10484282.
2018,Barishal,367735,8325666,4416.9,DGHS_base_Kabir2025_pattern,Kabir MI et al. (2025). Understanding climate-sensitive diseases in Bangladesh using systematic review and government data repository. PLoS ONE 20(3):e0313031. PMC11922245. | Ali M et al. (2023). National Hospital-Based Sentinel Surveillance for Cholera in Bangladesh: Epidemiological Results from 2014 to 2021. Am J Trop Med Hyg 109(4):867–876. PMC10484282.
2018,Sylhet,413324,10009239,4129.4,DGHS_base_Kabir2025_pattern,Kabir MI et al. (2025). Understanding climate-sensitive diseases in Bangladesh using systematic review and government data repository. PLoS ONE 20(3):e0313031. PMC11922245. | Ali M et al. (2023). National Hospital-Based Sentinel Surveillance for Cholera in Bangladesh: Epidemiological Results from 2014 to 2021. Am J Trop Med Hyg 109(4):867–876. PMC10484282.
2018,Rangpur,178723,15665000,1140.9,DGHS_base_Kabir2025_pattern,Kabir MI et al. (2025). Understanding climate-sensitive diseases in Bangladesh using systematic review and government data repository. PLoS ONE 20(3):e0313031. PMC11922245. | Ali M et al. (2023). National Hospital-Based Sentinel Surveillance for Cholera in Bangladesh: Epidemiological Results from 2014 to 2021. Am J Trop Med Hyg 109(4):867–876. PMC10484282.
2018,Mymensingh,304987,11370000,2682.4,DGHS_base_Kabir2025_pattern,Kabir MI et al. (2025). Understanding climate-sensitive diseases in Bangladesh using systematic review and government data repository. PLoS ONE 20(3):e0313031. PMC11922245. | Ali M et al. (2023). National Hospital-Based Sentinel Surveillance for Cholera in Bangladesh: Epidemiological Results from 2014 to 2021. Am J Trop Med Hyg 109(4):867–876. PMC10484282.
2019,Dhaka,700176,36054418,1942.0,DGHS_base_Kabir2025_pattern,Kabir MI et al. (2025). Understanding climate-sensitive diseases in Bangladesh using systematic review and government data repository. PLoS ONE 20(3):e0313031. PMC11922245. | Ali M et al. (2023). National Hospital-Based Sentinel Surveillance for Cholera in Bangladesh: Epidemiological Results from 2014 to 2021. Am J Trop Med Hyg 109(4):867–876. PMC10484282.
2019,Chattogram,837109,28423019,2945.2,DGHS_base_Kabir2025_pattern,Kabir MI et al. (2025). Understanding climate-sensitive diseases in Bangladesh using systematic review and government data repository. PLoS ONE 20(3):e0313031. PMC11922245. | Ali M et al. (2023). National Hospital-Based Sentinel Surveillance for Cholera in Bangladesh: Epidemiological Results from 2014 to 2021. Am J Trop Med Hyg 109(4):867–876. PMC10484282.
2019,Rajshahi,406182,18484858,2197.4,DGHS_base_Kabir2025_pattern,Kabir MI et al. (2025). Understanding climate-sensitive diseases in Bangladesh using systematic review and government data repository. PLoS ONE 20(3):e0313031. PMC11922245. | Ali M et al. (2023). National Hospital-Based Sentinel Surveillance for Cholera in Bangladesh: Epidemiological Results from 2014 to 2021. Am J Trop Med Hyg 109(4):867–876. PMC10484282.
2019,Khulna,411173,15563000,2642.0,DGHS_base_Kabir2025_pattern,Kabir MI et al. (2025). Understanding climate-sensitive diseases in Bangladesh using systematic review and government data repository. PLoS ONE 20(3):e0313031. PMC11922245. | Ali M et al. (2023). National Hospital-Based Sentinel Surveillance for Cholera in Bangladesh: Epidemiological Results from 2014 to 2021. Am J Trop Med Hyg 109(4):867–876. PMC10484282.
2019,Barishal,413264,8325666,4963.7,DGHS_base_Kabir2025_pattern,Kabir MI et al. (2025). Understanding climate-sensitive diseases in Bangladesh using systematic review and government data repository. PLoS ONE 20(3):e0313031. PMC11922245. | Ali M et al. (2023). National Hospital-Based Sentinel Surveillance for Cholera in Bangladesh: Epidemiological Results from 2014 to 2021. Am J Trop Med Hyg 109(4):867–876. PMC10484282.
2019,Sylhet,464498,10009239,4640.7,DGHS_base_Kabir2025_pattern,Kabir MI et al. (2025). Understanding climate-sensitive diseases in Bangladesh using systematic review and government data repository. PLoS ONE 20(3):e0313031. PMC11922245. | Ali M et al. (2023). National Hospital-Based Sentinel Surveillance for Cholera in Bangladesh: Epidemiological Results from 2014 to 2021. Am J Trop Med Hyg 109(4):867–876. PMC10484282.
2019,Rangpur,200850,15665000,1282.2,DGHS_base_Kabir2025_pattern,Kabir MI et al. (2025). Understanding climate-sensitive diseases in Bangladesh using systematic review and government data repository. PLoS ONE 20(3):e0313031. PMC11922245. | Ali M et al. (2023). National Hospital-Based Sentinel Surveillance for Cholera in Bangladesh: Epidemiological Results from 2014 to 2021. Am J Trop Med Hyg 109(4):867–876. PMC10484282.
2019,Mymensingh,342748,11370000,3014.5,DGHS_base_Kabir2025_pattern,Kabir MI et al. (2025). Understanding climate-sensitive diseases in Bangladesh using systematic review and government data repository. PLoS ONE 20(3):e0313031. PMC11922245. | Ali M et al. (2023). National Hospital-Based Sentinel Surveillance for Cholera in Bangladesh: Epidemiological Results from 2014 to 2021. Am J Trop Med Hyg 109(4):867–876. PMC10484282.
2020,Dhaka,385690,36054418,1069.7,covid_gap_estimate,Kabir MI et al. (2025). Understanding climate-sensitive diseases in Bangladesh using systematic review and government data repository. PLoS ONE 20(3):e0313031. PMC11922245. | Ali M et al. (2023). National Hospital-Based Sentinel Surveillance for Cholera in Bangladesh: Epidemiological Results from 2014 to 2021. Am J Trop Med Hyg 109(4):867–876. PMC10484282.
2020,Chattogram,461119,28423019,1622.3,covid_gap_estimate,Kabir MI et al. (2025). Understanding climate-sensitive diseases in Bangladesh using systematic review and government data repository. PLoS ONE 20(3):e0313031. PMC11922245. | Ali M et al. (2023). National Hospital-Based Sentinel Surveillance for Cholera in Bangladesh: Epidemiological Results from 2014 to 2021. Am J Trop Med Hyg 109(4):867–876. PMC10484282.
2020,Rajshahi,223744,18484858,1210.4,covid_gap_estimate,Kabir MI et al. (2025). Understanding climate-sensitive diseases in Bangladesh using systematic review and government data repository. PLoS ONE 20(3):e0313031. PMC11922245. | Ali M et al. (2023). National Hospital-Based Sentinel Surveillance for Cholera in Bangladesh: Epidemiological Results from 2014 to 2021. Am J Trop Med Hyg 109(4):867–876. PMC10484282.
2020,Khulna,226494,15563000,1455.3,covid_gap_estimate,Kabir MI et al. (2025). Understanding climate-sensitive diseases in Bangladesh using systematic review and government data repository. PLoS ONE 20(3):e0313031. PMC11922245. | Ali M et al. (2023). National Hospital-Based Sentinel Surveillance for Cholera in Bangladesh: Epidemiological Results from 2014 to 2021. Am J Trop Med Hyg 109(4):867–876. PMC10484282.
2020,Barishal,227646,8325666,2734.3,covid_gap_estimate,Kabir MI et al. (2025). Understanding climate-sensitive diseases in Bangladesh using systematic review and government data repository. PLoS ONE 20(3):e0313031. PMC11922245. | Ali M et al. (2023). National Hospital-Based Sentinel Surveillance for Cholera in Bangladesh: Epidemiological Results from 2014 to 2021. Am J Trop Med Hyg 109(4):867–876. PMC10484282.
2020,Sylhet,255868,10009239,2556.3,covid_gap_estimate,Kabir MI et al. (2025). Understanding climate-sensitive diseases in Bangladesh using systematic review and government data repository. PLoS ONE 20(3):e0313031. PMC11922245. | Ali M et al. (2023). National Hospital-Based Sentinel Surveillance for Cholera in Bangladesh: Epidemiological Results from 2014 to 2021. Am J Trop Med Hyg 109(4):867–876. PMC10484282.
2020,Rangpur,110638,15665000,706.3,covid_gap_estimate,Kabir MI et al. (2025). Understanding climate-sensitive diseases in Bangladesh using systematic review and government data repository. PLoS ONE 20(3):e0313031. PMC11922245. | Ali M et al. (2023). National Hospital-Based Sentinel Surveillance for Cholera in Bangladesh: Epidemiological Results from 2014 to 2021. Am J Trop Med Hyg 109(4):867–876. PMC10484282.
2020,Mymensingh,188802,11370000,1660.5,covid_gap_estimate,Kabir MI et al. (2025). Understanding climate-sensitive diseases in Bangladesh using systematic review and government data repository. PLoS ONE 20(3):e0313031. PMC11922245. | Ali M et al. (2023). National Hospital-Based Sentinel Surveillance for Cholera in Bangladesh: Epidemiological Results from 2014 to 2021. Am J Trop Med Hyg 109(4):867–876. PMC10484282.
2021,Dhaka,652707,36054418,1810.3,DGHS_base_Kabir2025_pattern,Kabir MI et al. (2025). Understanding climate-sensitive diseases in Bangladesh using systematic review and government data repository. PLoS ONE 20(3):e0313031. PMC11922245. | Ali M et al. (2023). National Hospital-Based Sentinel Surveillance for Cholera in Bangladesh: Epidemiological Results from 2014 to 2021. Am J Trop Med Hyg 109(4):867–876. PMC10484282.
2021,Chattogram,780356,28423019,2745.5,DGHS_base_Kabir2025_pattern,Kabir MI et al. (2025). Understanding climate-sensitive diseases in Bangladesh using systematic review and government data repository. PLoS ONE 20(3):e0313031. PMC11922245. | Ali M et al. (2023). National Hospital-Based Sentinel Surveillance for Cholera in Bangladesh: Epidemiological Results from 2014 to 2021. Am J Trop Med Hyg 109(4):867–876. PMC10484282.
2021,Rajshahi,378644,18484858,2048.4,DGHS_base_Kabir2025_pattern,Kabir MI et al. (2025). Understanding climate-sensitive diseases in Bangladesh using systematic review and government data repository. PLoS ONE 20(3):e0313031. PMC11922245. | Ali M et al. (2023). National Hospital-Based Sentinel Surveillance for Cholera in Bangladesh: Epidemiological Results from 2014 to 2021. Am J Trop Med Hyg 109(4):867–876. PMC10484282.
2021,Khulna,383297,15563000,2462.9,DGHS_base_Kabir2025_pattern,Kabir MI et al. (2025). Understanding climate-sensitive diseases in Bangladesh using systematic review and government data repository. PLoS ONE 20(3):e0313031. PMC11922245. | Ali M et al. (2023). National Hospital-Based Sentinel Surveillance for Cholera in Bangladesh: Epidemiological Results from 2014 to 2021. Am J Trop Med Hyg 109(4):867–876. PMC10484282.
2021,Barishal,385247,8325666,4627.2,DGHS_base_Kabir2025_pattern,Kabir MI et al. (2025). Understanding climate-sensitive diseases in Bangladesh using systematic review and government data repository. PLoS ONE 20(3):e0313031. PMC11922245. | Ali M et al. (2023). National Hospital-Based Sentinel Surveillance for Cholera in Bangladesh: Epidemiological Results from 2014 to 2021. Am J Trop Med Hyg 109(4):867–876. PMC10484282.
2021,Sylhet,433007,10009239,4326.1,DGHS_base_Kabir2025_pattern,Kabir MI et al. (2025). Understanding climate-sensitive diseases in Bangladesh using systematic review and government data repository. PLoS ONE 20(3):e0313031. PMC11922245. | Ali M et al. (2023). National Hospital-Based Sentinel Surveillance for Cholera in Bangladesh: Epidemiological Results from 2014 to 2021. Am J Trop Med Hyg 109(4):867–876. PMC10484282.
2021,Rangpur,187233,15665000,1195.2,DGHS_base_Kabir2025_pattern,Kabir MI et al. (2025). Understanding climate-sensitive diseases in Bangladesh using systematic review and government data repository. PLoS ONE 20(3):e0313031. PMC11922245. | Ali M et al. (2023). National Hospital-Based Sentinel Surveillance for Cholera in Bangladesh: Epidemiological Results from 2014 to 2021. Am J Trop Med Hyg 109(4):867–876. PMC10484282.
2021,Mymensingh,319510,11370000,2810.1,DGHS_base_Kabir2025_pattern,Kabir MI et al. (2025). Understanding climate-sensitive diseases in Bangladesh using systematic review and government data repository. PLoS ONE 20(3):e0313031. PMC11922245. | Ali M et al. (2023). National Hospital-Based Sentinel Surveillance for Cholera in Bangladesh: Epidemiological Results from 2014 to 2021. Am J Trop Med Hyg 109(4):867–876. PMC10484282.
2022,Dhaka,759513,36054418,2106.6,DGHS_base_Kabir2025_pattern,Kabir MI et al. (2025). Understanding climate-sensitive diseases in Bangladesh using systematic review and government data repository. PLoS ONE 20(3):e0313031. PMC11922245. | Ali M et al. (2023). National Hospital-Based Sentinel Surveillance for Cholera in Bangladesh: Epidemiological Results from 2014 to 2021. Am J Trop Med Hyg 109(4):867–876. PMC10484282.
2022,Chattogram,908050,28423019,3194.8,DGHS_base_Kabir2025_pattern,Kabir MI et al. (2025). Understanding climate-sensitive diseases in Bangladesh using systematic review and government data repository. PLoS ONE 20(3):e0313031. PMC11922245. | Ali M et al. (2023). National Hospital-Based Sentinel Surveillance for Cholera in Bangladesh: Epidemiological Results from 2014 to 2021. Am J Trop Med Hyg 109(4):867–876. PMC10484282.
2022,Rajshahi,440604,18484858,2383.6,DGHS_base_Kabir2025_pattern,Kabir MI et al. (2025). Understanding climate-sensitive diseases in Bangladesh using systematic review and government data repository. PLoS ONE 20(3):e0313031. PMC11922245. | Ali M et al. (2023). National Hospital-Based Sentinel Surveillance for Cholera in Bangladesh: Epidemiological Results from 2014 to 2021. Am J Trop Med Hyg 109(4):867–876. PMC10484282.
2022,Khulna,446019,15563000,2865.9,DGHS_base_Kabir2025_pattern,Kabir MI et al. (2025). Understanding climate-sensitive diseases in Bangladesh using systematic review and government data repository. PLoS ONE 20(3):e0313031. PMC11922245. | Ali M et al. (2023). National Hospital-Based Sentinel Surveillance for Cholera in Bangladesh: Epidemiological Results from 2014 to 2021. Am J Trop Med Hyg 109(4):867–876. PMC10484282.
2022,Barishal,448287,8325666,5384.4,DGHS_base_Kabir2025_pattern,Kabir MI et al. (2025). Understanding climate-sensitive diseases in Bangladesh using systematic review and government data repository. PLoS ONE 20(3):e0313031. PMC11922245. | Ali M et al. (2023). National Hospital-Based Sentinel Surveillance for Cholera in Bangladesh: Epidemiological Results from 2014 to 2021. Am J Trop Med Hyg 109(4):867–876. PMC10484282.
2022,Sylhet,503862,10009239,5034.0,DGHS_base_Kabir2025_pattern,Kabir MI et al. (2025). Understanding climate-sensitive diseases in Bangladesh using systematic review and government data repository. PLoS ONE 20(3):e0313031. PMC11922245. | Ali M et al. (2023). National Hospital-Based Sentinel Surveillance for Cholera in Bangladesh: Epidemiological Results from 2014 to 2021. Am J Trop Med Hyg 109(4):867–876. PMC10484282.
2022,Rangpur,217871,15665000,1390.8,DGHS_base_Kabir2025_pattern,Kabir MI et al. (2025). Understanding climate-sensitive diseases in Bangladesh using systematic review and government data repository. PLoS ONE 20(3):e0313031. PMC11922245. | Ali M et al. (2023). National Hospital-Based Sentinel Surveillance for Cholera in Bangladesh: Epidemiological Results from 2014 to 2021. Am J Trop Med Hyg 109(4):867–876. PMC10484282.
2022,Mymensingh,371794,11370000,3270.0,DGHS_base_Kabir2025_pattern,Kabir MI et al. (2025). Understanding climate-sensitive diseases in Bangladesh using systematic review and government data repository. PLoS ONE 20(3):e0313031. PMC11922245. | Ali M et al. (2023). National Hospital-Based Sentinel Surveillance for Cholera in Bangladesh: Epidemiological Results from 2014 to 2021. Am J Trop Med Hyg 109(4):867–876. PMC10484282.
2023,Dhaka,640839,36054418,1777.4,DGHS_base_literature_estimate,Kabir MI et al. (2025). Understanding climate-sensitive diseases in Bangladesh using systematic review and government data repository. PLoS ONE 20(3):e0313031. PMC11922245. | Ali M et al. (2023). National Hospital-Based Sentinel Surveillance for Cholera in Bangladesh: Epidemiological Results from 2014 to 2021. Am J Trop Med Hyg 109(4):867–876. PMC10484282.
2023,Chattogram,766167,28423019,2695.6,DGHS_base_literature_estimate,Kabir MI et al. (2025). Understanding climate-sensitive diseases in Bangladesh using systematic review and government data repository. PLoS ONE 20(3):e0313031. PMC11922245. | Ali M et al. (2023). National Hospital-Based Sentinel Surveillance for Cholera in Bangladesh: Epidemiological Results from 2014 to 2021. Am J Trop Med Hyg 109(4):867–876. PMC10484282.
2023,Rajshahi,371759,18484858,2011.2,DGHS_base_literature_estimate,Kabir MI et al. (2025). Understanding climate-sensitive diseases in Bangladesh using systematic review and government data repository. PLoS ONE 20(3):e0313031. PMC11922245. | Ali M et al. (2023). National Hospital-Based Sentinel Surveillance for Cholera in Bangladesh: Epidemiological Results from 2014 to 2021. Am J Trop Med Hyg 109(4):867–876. PMC10484282.
2023,Khulna,376328,15563000,2418.1,DGHS_base_literature_estimate,Kabir MI et al. (2025). Understanding climate-sensitive diseases in Bangladesh using systematic review and government data repository. PLoS ONE 20(3):e0313031. PMC11922245. | Ali M et al. (2023). National Hospital-Based Sentinel Surveillance for Cholera in Bangladesh: Epidemiological Results from 2014 to 2021. Am J Trop Med Hyg 109(4):867–876. PMC10484282.
2023,Barishal,378242,8325666,4543.1,DGHS_base_literature_estimate,Kabir MI et al. (2025). Understanding climate-sensitive diseases in Bangladesh using systematic review and government data repository. PLoS ONE 20(3):e0313031. PMC11922245. | Ali M et al. (2023). National Hospital-Based Sentinel Surveillance for Cholera in Bangladesh: Epidemiological Results from 2014 to 2021. Am J Trop Med Hyg 109(4):867–876. PMC10484282.
2023,Sylhet,425134,10009239,4247.4,DGHS_base_literature_estimate,Kabir MI et al. (2025). Understanding climate-sensitive diseases in Bangladesh using systematic review and government data repository. PLoS ONE 20(3):e0313031. PMC11922245. | Ali M et al. (2023). National Hospital-Based Sentinel Surveillance for Cholera in Bangladesh: Epidemiological Results from 2014 to 2021. Am J Trop Med Hyg 109(4):867–876. PMC10484282.
2023,Rangpur,183829,15665000,1173.5,DGHS_base_literature_estimate,Kabir MI et al. (2025). Understanding climate-sensitive diseases in Bangladesh using systematic review and government data repository. PLoS ONE 20(3):e0313031. PMC11922245. | Ali M et al. (2023). National Hospital-Based Sentinel Surveillance for Cholera in Bangladesh: Epidemiological Results from 2014 to 2021. Am J Trop Med Hyg 109(4):867–876. PMC10484282.
2023,Mymensingh,313701,11370000,2759.0,DGHS_base_literature_estimate,Kabir MI et al. (2025). Understanding climate-sensitive diseases in Bangladesh using systematic review and government data repository. PLoS ONE 20(3):e0313031. PMC11922245. | Ali M et al. (2023). National Hospital-Based Sentinel Surveillance for Cholera in Bangladesh: Epidemiological Results from 2014 to 2021. Am J Trop Med Hyg 109(4):867–876. PMC10484282.
2024,Dhaka,664574,36054418,1843.3,DGHS_base_literature_estimate,Kabir MI et al. (2025). Understanding climate-sensitive diseases in Bangladesh using systematic review and government data repository. PLoS ONE 20(3):e0313031. PMC11922245. | Ali M et al. (2023). National Hospital-Based Sentinel Surveillance for Cholera in Bangladesh: Epidemiological Results from 2014 to 2021. Am J Trop Med Hyg 109(4):867–876. PMC10484282.
2024,Chattogram,794544,28423019,2795.4,DGHS_base_literature_estimate,Kabir MI et al. (2025). Understanding climate-sensitive diseases in Bangladesh using systematic review and government data repository. PLoS ONE 20(3):e0313031. PMC11922245. | Ali M et al. (2023). National Hospital-Based Sentinel Surveillance for Cholera in Bangladesh: Epidemiological Results from 2014 to 2021. Am J Trop Med Hyg 109(4):867–876. PMC10484282.
2024,Rajshahi,385528,18484858,2085.6,DGHS_base_literature_estimate,Kabir MI et al. (2025). Understanding climate-sensitive diseases in Bangladesh using systematic review and government data repository. PLoS ONE 20(3):e0313031. PMC11922245. | Ali M et al. (2023). National Hospital-Based Sentinel Surveillance for Cholera in Bangladesh: Epidemiological Results from 2014 to 2021. Am J Trop Med Hyg 109(4):867–876. PMC10484282.
2024,Khulna,390266,15563000,2507.7,DGHS_base_literature_estimate,Kabir MI et al. (2025). Understanding climate-sensitive diseases in Bangladesh using systematic review and government data repository. PLoS ONE 20(3):e0313031. PMC11922245. | Ali M et al. (2023). National Hospital-Based Sentinel Surveillance for Cholera in Bangladesh: Epidemiological Results from 2014 to 2021. Am J Trop Med Hyg 109(4):867–876. PMC10484282.
2024,Barishal,392251,8325666,4711.3,DGHS_base_literature_estimate,Kabir MI et al. (2025). Understanding climate-sensitive diseases in Bangladesh using systematic review and government data repository. PLoS ONE 20(3):e0313031. PMC11922245. | Ali M et al. (2023). National Hospital-Based Sentinel Surveillance for Cholera in Bangladesh: Epidemiological Results from 2014 to 2021. Am J Trop Med Hyg 109(4):867–876. PMC10484282.
2024,Sylhet,440879,10009239,4404.7,DGHS_base_literature_estimate,Kabir MI et al. (2025). Understanding climate-sensitive diseases in Bangladesh using systematic review and government data repository. PLoS ONE 20(3):e0313031. PMC11922245. | Ali M et al. (2023). National Hospital-Based Sentinel Surveillance for Cholera in Bangladesh: Epidemiological Results from 2014 to 2021. Am J Trop Med Hyg 109(4):867–876. PMC10484282.
2024,Rangpur,190637,15665000,1217.0,DGHS_base_literature_estimate,Kabir MI et al. (2025). Understanding climate-sensitive diseases in Bangladesh using systematic review and government data repository. PLoS ONE 20(3):e0313031. PMC11922245. | Ali M et al. (2023). National Hospital-Based Sentinel Surveillance for Cholera in Bangladesh: Epidemiological Results from 2014 to 2021. Am J Trop Med Hyg 109(4):867–876. PMC10484282.
2024,Mymensingh,325320,11370000,2861.2,DGHS_base_literature_estimate,Kabir MI et al. (2025). Understanding climate-sensitive diseases in Bangladesh using systematic review and government data repository. PLoS ONE 20(3):e0313031. PMC11922245. | Ali M et al. (2023). National Hospital-Based Sentinel Surveillance for Cholera in Bangladesh: Epidemiological Results from 2014 to 2021. Am J Trop Med Hyg 109(4):867–876. PMC10484282.
